{
  "pack_id": "devops.hardware.network.procurement.escalation",
  "name": "Edge Escalations: When Outage Response Requires New Gear or Vendor Engagement",
  "version": "0.1.0",
  "domain_tags": [
    "capacity-procurement",
    "decision-tree",
    "devops",
    "devops-&-infrastructure-engineering",
    "dr",
    "escalation",
    "firewall",
    "hardware-failure",
    "itsm",
    "l3",
    "l4",
    "load-balancer",
    "network-gear",
    "outage",
    "rca",
    "spares",
    "storage-array",
    "vendor-rma"
  ],
  "summary": "Escalation-grade incident/problem/change workflow for 'Edge Escalations: When Outage Response Requires New Gear or Vendor Engagement'. Produces decision-tree analysis, L3/L4 handoff artifacts, and best-practice service delivery documentation (timeline, decision log, comms, RCA outline).",
  "compat": {
    "a9_pack_format": "0.1"
  },
  "selection": {
    "intent": "Progress a severe outage/problem/change to mitigation and root cause with decision-tree analysis and escalation-ready documentation for DevOps & Infrastructure Engineering.",
    "triggers": [
      "requires vendor diagnostics",
      "spare parts needed",
      "risk of data loss",
      "requires BGP/peering expertise",
      "needs third-party ISP escalation",
      "may require new circuit"
    ],
    "anti_triggers": [
      "Routine SEV3/SEV4 incidents with a known runbook that resolves reliably",
      "Tasks that are purely user-training or documentation with no operational risk",
      "Requests to skip approvals or change controls in regulated environments"
    ]
  },
  "schemas": {
    "context": "schemas/context.schema.json",
    "output": "schemas/output.schema.json",
    "events": "schemas/events.schema.json"
  },
  "tools": {
    "allowed": [
      "itsm.ticket.read/write",
      "chatops.post",
      "observability.query",
      "runbook.execute (human-in-the-loop)",
      "change.manage (CAB-lite when needed)",
      "vendor.support (cloud/CDN/ISP/hardware)"
    ],
    "disallowed": [
      "fabricating evidence or timestamps",
      "making production changes without recorded approvals when required",
      "disabling security controls without explicit security approval",
      "claiming vendor findings unless provided in context"
    ]
  },
  "runtime_contract": {
    "needs_context_field": "needs_context",
    "missing_fields_field": "missing_fields",
    "idempotency": "Given identical context, outputs should be stable aside from clearly labeled optional variants.",
    "safety": "Prefer reversible mitigations; require explicit approval gates for risky changes; retain evidence when security/data integrity is implicated."
  },
  "definitions": {
    "decision_log": "A running log of key decisions, including rationale and the alternatives considered.",
    "escalation_packet": "A concise handoff bundle for L3/L4: facts, attempts, outcomes, hypotheses, and requested actions."
  },
  "primary_outcomes": [
    "A prioritized action plan with success checks",
    "A scenario-appropriate decision tree for triage and escalation",
    "Escalation packet content for L3/L4 engineering",
    "Draft artifacts: UTC timeline, decision log, comms template, RCA outline and follow-ups"
  ]
}