{
  "$schema": "https://json-schema.org/draft/2020-12/schema",
  "title": "itsm.emergency.change.cab.lite events",
  "type": "object",
  "additionalProperties": false,
  "properties": {
    "events": {
      "type": "array",
      "items": {
        "type": "object",
        "additionalProperties": false,
        "properties": {
          "ts_utc": {
            "type": "string"
          },
          "name": {
            "type": "string"
          },
          "severity": {
            "type": "string"
          },
          "payload": {
            "type": "object"
          }
        },
        "required": [
          "ts_utc",
          "name"
        ]
      }
    }
  },
  "required": [
    "events"
  ]
}